SHARE_STATISTIC_ID,UGC_POST_ID,_FIVETRAN_SYNCED
vEoi6ZhMVQnFLo3LiK0G5L5JbQU=,7073007539210125312,2023-06-13
0j/2w31kd32/GYWjllKMbDX4Cd0=,6974765180131942400,2023-06-13
X8jvECQibMwOCAC8qfDMp4GLJMo=,6954759256441028608,2023-06-13
7lCcZy9KQl151xA5EVZgJs7kp8g=,6964964963522076673,2023-06-13
+A7J1JyuFGG9o9Zoj1Z7ytxaDXA=,6945699510144708608,2023-06-13
E+vmLAmRxLbiXUze+qw7PAADxk0=,6973310595899043842,2023-06-13
wScQB/okaOZEkG9zqhsxGtbBUb0=,6961021609377681408,2023-06-13
soaC3dxTlSr6DorbeF/L5mWhRrY=,6971098497143951360,2023-06-13
7uvx+Ci39q041zQyjX2EPwP8m1g=,7016043650023346176,2023-06-13
zEu3gUbpkbW+VNotZPGZiOEBtUs=,6958088765080805376,2023-06-13
fUoXyuoaZl9XOxnwa28ww45D6zE=,6992881581761650688,2023-06-13
b4wxjLqYuHMR51Wla46PCsA43Q8=,6963132012731715584,2023-06-13
sZvQqXJXpDIOoU20koxwDHuwLcA=,6942474596117876737,2023-06-14
2I6zs2tDomA9Qc1AxxLW9GBkiQ0=,6943166556587655168,2023-06-13
GPQygryu+7g+n8u+2+Jd3hMcdhs=,6952577373775015936,2023-06-13
MqmrQTvuWOTXPFbFPI8ZM+tvryg=,6944612357297881088,2023-06-20
R8XjJGykYczJ1x/QfU+HdH3BNDM=,6949708543826558976,2023-07-04
/zsY24Iw4xiWUPdl03RzIavUkDg=,6949729258202173440,2023-07-04
e9p00+Wj9f5kWaugTzIJcvrkI8I=,6950055770562449408,2023-07-05
Zj3czv5KE5bvmVoK4Sb27J+FRdw=,7083079976534642688,2023-07-07
xFhzOHFmkvPw3wWqCR1FvXGgja4=,6953418548136308736,2023-07-14
YSike2VC1P2OEhBbuRVwu+XzOZY=,7075493117113618434,2023-07-15
sDl5rvQMOA1SjKAgBgmUN0/D1MA=,6954502341484048384,2023-07-17
Au/vB7Msoh6NPSfohNEZcu3HvnE=,6956208751854944256,2023-07-22
qE0Zsn2WFlawl4q+7K6MfifuxeQ=,6960245909603377152,2023-08-02
RsxJVinyYxsa7jebXsPq1mlJTAk=,6968167573133651968,2023-08-24
j1EdpMitsuErxcsS23WIzkFCTBA=,7102334360560824320,2023-08-31
OHrekd+sXwZDwCHdxj27QrHEF2E=,6971465703375699968,2023-09-02
j1/EalIt40kdU+h3AAlHolGeB9Y=,6974017918250496000,2023-09-09
l1q1xWh4XyW0bxrv691dLXdlVX8=,6975475712874962946,2023-09-13
FKV2fCyzf++/mtELbHj3t39SLdo=,6976147855887458304,2023-09-15
PmA+SmOM5bDLqiz4+5c9UObdJg0=,7108077618402361345,2023-09-16
0MjuwjvupxG5j3V3o6aXGod3lw4=,7107788280368164864,2023-09-16
qz86HIRZakXGbhQW0eEaaIs8UDg=,7103518442959372288,2023-09-16
SDLymSq7EQjxzYcryyLq881uU8E=,7101352746036957184,2023-09-16
IbSjEdNrXqQUC17wDDuClpqdSE4=,7100839874408169472,2023-09-16
MOQu1wB7LbmA/ut73UiLBQUOXNo=,7080231852652834816,2023-09-16
VlJeHtI2PJAol7Fr/xkYP1RWnW8=,7098046101496233985,2023-09-16
Ohx8vaN9mu915/KWXW4EAiMOdgs=,7091922673261236224,2023-09-16
YCh1NLoAhlInWtfv2Dt9Fv8oW/s=,7088141027940659200,2023-09-16
+C6M1LOZRekALIR7MD53LB50N5M=,7087430680317423616,2023-09-16
wmJCyi3PSgXGfuaKcfGx8yHkwdU=,7078001737273356288,2023-09-16
ghzszgdyGHq+T+rJ5rIFk+oVvzU=,7077314720768126976,2023-09-16
/qWodevVObzBefOlL9G9YwmI1Us=,6976639651163869185,2023-09-16
91l5GtqR+mHtJJs+rC6QSb1ZaOY=,7023335788461379584,2023-09-16
XCStAAUJP57unVleOe8umJuimoQ=,7047221582305325056,2023-09-16
vJRuVhchTJxRfBfKebWqibtnSQI=,7070410425565122560,2023-09-16
/7J6kJAljNBHoQLEmW6fq/evrj4=,6994306815849115648,2023-09-16
1rqFdtBs1L2XeI7zlmr8hrASeOI=,7012437998852087808,2023-09-16
dM5B+rNCRAtXBG2ZWibPSFLpTpU=,6983070354164396032,2023-09-16
0vWfTj3z1gchZrZtnPFnVqk2WGY=,7012446952764182528,2023-09-16
nrX7bOo8HMtnmNcUxkBF31DNGtk=,7001287174226669568,2023-09-16
+7d7khksuvtWMA5PZEJGY3l+YUo=,7029203058043609088,2023-09-16
kI7hEDU2/WUq9XW9ENrxWFVjWzY=,7015345959475834881,2023-09-16
5tkLejL1ZHETP2zRNYsFZNf3W/U=,7055681540722212864,2023-09-16
G1gjMG0SQjOvXPNZHlyRhCli1rQ=,7046880032077594624,2023-09-16
zouZUXt79xQV8NvlmmOUw3fq+sQ=,7046186060191563776,2023-09-16
NslJG2CM2HtAdV1qOBeiUEB3uqw=,7059269939035009024,2023-09-16
X/Q2gm7MrYDbocZdjvHhMhFErZI=,7057060810476457984,2023-09-16
VrSpen14R1zCG6PHg6QcnVW1uGA=,6990770716056977408,2023-09-16
imHiWDbQ9IyVcKofJvrKwVbrFGE=,7056978861518946304,2023-09-16
en72VXHX7Xy8qsIhKtbZX7UC8gQ=,7003476966376951809,2023-09-16
poxlLhBAFWahtWDK/2VA+sTJrSI=,7085336149652635651,2023-09-16
XYXgd5Zpw7an8Whc9nSV37z7+QM=,7077691584502272001,2023-09-16
VPm8IIYQWQvauW4EdW2K9zTnHjo=,7037505482143535104,2023-09-16
F6lB5MahoJwrLTVk6DrLO6eTlVI=,7072690663124844544,2023-09-16
Z09dKyFmG0MGAe7WnncaMm6NE5w=,7087874425194254336,2023-09-16
h3RZlJCSxoFMgqdQYMXq4l8wyLc=,7087474897320382464,2023-09-16
qnUGzM6NLZDJNeUVrgPxME8T1mM=,6988244200983076864,2023-09-16
sULvemDPoIU9XIa2szj0RHOIB6Q=,7042246718041579520,2023-09-16
2fnwv4TBvs8Mwzbtg48jfwYu6ec=,7065036264571342848,2023-09-16
cwvhJ4txD/qJf9NYJCD8pYZhglM=,7079793421137154048,2023-09-16
YS47NxHCvDAhsQ1fmPkHPOa60jk=,7021933074074517504,2023-09-16
qBdoSbzwjvczJWVqGoBXazuAKEk=,7074486766275072000,2023-09-16
pnk2CnskgpxcH3KmEHiuoZqBHVM=,7082813229483098115,2023-09-16
hqmCHIQwWqvYaQBLUQNmZBsOXCY=,7047336004046749696,2023-09-16
PxTq3K2vXvhFwZkFHwuLwko/wdQ=,7038908364113805312,2023-09-16
TexvI8RdboFm+s9bAbN0SGHSEsc=,7018691035560124416,2023-09-16
H5HmlBevUbw1v8MrPXua4HP3E2k=,7069466247985303552,2023-09-16
rPcNUYmHabbaciGMkqIW3taCFYA=,6996512940954705920,2023-09-16
8/eu/M55v+rpr1rmwH5GH6p5Pxc=,7048625650261250048,2023-04-03
YNE6YwnFeB7WdzwmNEhL6DT3B2M=,6878695854664941568,2022-12-20
oVAzykm+d1deKiMd2anDcToosSc=,6880165184967626752,2022-12-24
ATxwjgvmteOiTxeb1A0TQ89JoXI=,6882017751775358976,2022-12-29
2g4IKxwPJ96f1coIfurDRShgM2g=,6882319698818547713,2022-12-30
3Eeq4hHHzdmfu3/eqMS4q9CYtFg=,6883059577751904256,2023-01-01
UFGFsXB5BVuByB52UXbdhUQIMqE=,6884491176536231936,2023-01-05
4tsbV5g8uLORWSZle6P0IUtCYu8=,6884858261502218240,2023-01-06
GQ0E/ppVjnZwBkmnTvScPBskmfQ=,6885203513748541440,2023-01-07
zU3P0gQCkF88wupC7z6Fj7w4jw8=,6886320932298739712,2023-01-10
uPl4Ycy7dtGNEAPD8vBfRi6r1lo=,6886320932298739712,2023-01-10
gagr1LFDJueEGeiLSnS+YFiGVO0=,6887046758304751616,2023-01-12
6kQzrEnHYKnYiOtoHLcjdxsfCfk=,6887362927209283584,2023-01-13
cMw36jh1fGa+VuLUnW/cRhuS2bw=,6887740292485656576,2023-01-14
tGCmOn45PNw7XRFe4AytHvPAftM=,6889232097987452928,2023-01-18
N1hGJgBJl2VGS3NlWlurkOQ4/gk=,6889929977874128896,2023-01-20
mnz8K99yZNhScu/cTkour7se63M=,6890292471562412032,2023-01-21
wXSZxMYAzYSPFMBzNkVo+gL7U+Y=,6890292128162148353,2023-01-21
s6+fyoyHW0ohZYTMb5wuljQ/684=,6891364203366879233,2023-01-24
MnaklHpUc7UDZk0RyH4SQ+QQv8Q=,6892119313311227904,2023-01-26
Gm6m7gArxCd40UgyZlAj1vYJJPo=,6893900889611210753,2023-01-31
8aWlerErWE0Yh2F+e005CfDvFvQ=,6894308426542129152,2023-02-01
IWQNoqtjjAr0DOYQoPmVtitx0q8=,6895003024541257728,2023-02-03
5IPWRJyHuEq2fjk/pFsh899v+fg=,6896467995364065281,2023-02-07
z/YL4I7lCVsB3Ox6MMEaluDunuk=,6897177834604089344,2023-02-09
B+R5QXP+gvgKYzmKhI/v4evrzEM=,6897540274508423168,2023-02-10
xGEDnu+pbGVcpWYAF/L7+r+BzDo=,6897887159622451201,2023-02-11
4qQFC1twKmOHJDKruuVlP109DYA=,6898974411303841793,2023-02-14
/l+TAzDhf5BjVLDOl666ZBMAhVM=,6901911732869058560,2023-02-22
3FlFI7bvpAUZ2SG9Ijhv1sJzH2A=,6902628337731411968,2023-02-24
pKDrvIFMLnvW0/wOvXTXB1Wi+fA=,6904110447835103232,2023-02-28
Kc03OoCBN2Ds/svTOwhT4gpeN6A=,6905497319706624000,2023-03-04
/hXi4Rlbgdy1Je6GAaqGNWxgSr4=,6906599763794628608,2023-03-07
Q+PIj0hW8u6+oueHNF4w2fYskUk=,6907342954546257921,2023-03-09
O+8dyl+csC9MvWWqslNUURcBCf0=,6908049464553283584,2023-03-11
1iJ61fKZ9QlopzIBw55usOjybfQ=,6909211606904123392,2023-03-14
72O6Ib89YjnXKqkfsD9/M6wqZMA=,6909484611240620032,2023-03-15
KXxCswjD0zqv5E+wT9oqI9kjy2c=,7042464790291632128,2023-03-17
buiqW/QqGd1nucPP9+cjJ5mRJSU=,7042464790291632128,2023-03-17
NWnQiErBybSZzQj6CdcBdieKP0k=,6910299016295501824,2023-03-17
CSGBX0FZrjgPPERXGzmQznm1WMM=,6910593043968520192,2023-03-18
gUCkn+q5oDEy6sBf9njvMZUYHUI=,6911657950486876160,2023-03-21
KlVsQbBQWl9qXwLTvIQU8ExoOW4=,6912382955973672960,2023-03-23
TisD4BO5AJbJow/zMNBr4wIJHt0=,6914218306900021248,2023-03-28
p0Of2uekaacWRZPlbHxBKc+DWlY=,6914904335789211648,2023-03-30
XkPeKqHPflXlM7cDGNcbkjf8uGs=,6915281906133536768,2023-03-31
Z0IJ/aaLhHBN7/sJ0O/GdHecINc=,7047188493260787713,2023-04-04
85Rp7CUn3t7HRVcw8BmmARCtaFA=,7048595330753335297,2023-04-04
soqrMlpMWb05z2MJxulAhfyMvlk=,7048595330753335297,2023-04-04
dfjkH30bdZ6rxKWLEv9yRjUgoj8=,7047530581965852673,2023-04-04
DsyxsBAskTAGA0OW28Taaykhc/k=,7047266725326721024,2023-04-04
JOFW0CJk9zhXSSMSYMC7CULXn6I=,7047175741737734144,2023-04-04
/C1xBy01sYYYXKytouFiar8QLUQ=,7047175907874144256,2023-04-04
sS23TTBkAneImIyPFMtkFFLpnuA=,7046829093677371392,2023-04-04
1qt7ps8fvHvdJET0se+4UIXS9D8=,7046535165250056192,2023-04-04
dVFpc9rykL/GoHFoMXGm9OV5qFI=,7046487296233144321,2023-04-04
z19CvnXm2LldFQp2qRIUMfB3yQE=,7046484933661392897,2023-04-04
sKRgxUK8z2i1WvxIT9dUCIXtRv4=,7046487296233144321,2023-04-04
irSXQpc2f7dUz64GaxObKr04PL8=,7046215601702252544,2023-04-04
WhKWaFW/S7VYNIGHDDq0bM7Keok=,7046088770026156032,2023-04-04
frfIKsi5YoqSfW68HPEF+tYEKjg=,7046073569113501697,2023-04-04
68wWbvRkY3Lvx2ZQFCJMMdWaw/I=,7045076909042368512,2023-04-04
wuidTsDbGLdCw+qjQyoVE3f4M30=,7044986393705541632,2023-04-04
oJ57ImILG23Q3eR1imaxZ8c3wwk=,7045016825151045632,2023-04-04
JfoEKvl4fPahKNaIOjpQ+0Ixq9Q=,7044699641623310336,2023-04-04
8X3XxbRgbIjyIHezTlJNDDQGG24=,7044648390252498944,2023-04-04
+fh4SYh3Cw1O8FVs6ZmTu1Iqno0=,7044631421000302592,2023-04-04
rMrPrKF2B4Hy67N2aoG5/YTBEpM=,7044322198156713984,2023-04-04
rTaNNWhBgU22jP8w3LU/tbqHPFg=,7044269057386180608,2023-04-04
5n0lTb+VKX9lkLLJwiSSmc5cKWw=,7043969541055418369,2023-04-04
VmhzNAg6UJkcRBf57XuwTiakYeE=,7043929636002529280,2023-04-04
F/uIUAw6mX0Ry0jacmLwgckO3p8=,7043884100495056896,2023-04-04
Hgcavm7fsXtwkYDzrrVnZhePG7M=,7042543608842899456,2023-04-04
6IPgKkISk1fkOLIL5E2IF7R7Fto=,7042449589462855680,2023-04-04
9DDbRPS7yGiRiQBpNPZx3jJfzp8=,7042215070034006016,2023-04-04
zAIEyvFGY/6jkbPqTpIy4M+HHSc=,7041785432065417217,2023-04-04
yDtxLhaewxcp1hk3KYSz+eNp7f0=,7041416326514425857,2023-04-04
66UxEV9nY9EFkYKAkZ9dS0hEPCw=,7041143445301694464,2023-04-04
zasYLfEt8rHCoDww/dhfKOaof34=,7041062890023374849,2023-04-04
Q00MzaF5RjPoysO3NUd0JuazdQE=,7039928215963926528,2023-04-04
wGi1mshrnmuqx0oJ4kmqTHWEm+w=,7039924153948282880,2023-04-04
Kd71buwgZNqw/KU02jxkbLXvdKs=,7039665643482210304,2023-04-04
b1aA+FR5BPEixyfP0aXiTE8EEGA=,7039618162903957504,2023-04-04
MqcKyRkHCijbqlXkqI5nBPdYGgE=,7039331537670082560,2023-04-04
3h8F6Rji2IxRnCu4B5FkqRCUrpg=,7039239311531143169,2023-04-04
v1jOJy1ahFeB6Q5GgqOIxv3wA14=,7038855928405778432,2023-04-04
8wGRAAvGdeDavDiptIJdosK/ONo=,7038825727533731841,2023-04-04
Vt0JAlpylhH1RJpPR0Ivjsx9eNY=,7038557681653088256,2023-04-04
LJIzmBIDgbWv7mFd8H2Qk9Rc9U8=,7037398897291399169,2023-04-04
x8mOCYxvXAKq1DbnWwR1t/96nFg=,7037095812371255297,2023-04-04
TkUb/zyjXp3lb9IgXKd1CYo9sk4=,7037051503479578627,2023-04-04
m7E8Xn0a5Q0MHa5MhUFYakNOM/w=,7036726635240321025,2023-04-04
O76Il/R+1ujAz9EVkAz5UGTWj2g=,7036697058300358656,2023-04-04
jdX1o2YKKXVrUSVG1kgP5Xy8biM=,7036330425933340672,2023-04-04
5+ZuiXiEDi3Oy1HSF6GKbzKVkFQ=,7036289001430929408,2023-04-04
O5gdwCRwA6TwIaV6/IaGcwz4DbU=,7036007661758267392,2023-04-04
EEkyYgsEdsAk6yoJUIMJPCNNO28=,7034869711456665600,2023-04-04
tqbUddPuW3AthSY/ZhXHUMxyj5c=,7034582784597782528,2023-04-04
k2Hl4JdZxXYIeMD4jIh6FMoWy+o=,7034507508102664192,2023-04-04
Dh9QiuyP0p3Hk+T0MCEKUbaokU4=,7034160296780832768,2023-04-04
3YLOMQ+Xo9hD/8BrhuTuixeV2AI=,7033847753143193601,2023-04-04
T+XO43FRc339zOw5YC3bPwIhWbM=,7033782560434372608,2023-04-04
Pd0SSZ8gySSjEqbnHm+MWUu2mt8=,7033767459195166721,2023-04-04
Dez7y6DFyR1Lfgi0k+R20/zdr4I=,7033435990627143680,2023-04-04
PwfW3g2s+jvGjxOwtuypA497JH0=,7032348844700950528,2023-04-04
latHnanNJih6R1DXoCUUNNHfS30=,7032061289636007936,2023-04-04
rxmiyxbysbvVF98GCvs7CH0ZXNQ=,7031962973820653568,2023-04-04
PHtUs6jcfR/OG8e7DITWDe1cpjw=,7031955441706295296,2023-04-04
d5Phigsm0S4cSf9vB8WANRHHKi8=,6921899911596646400,2023-04-04
zl5AP9jRaXmc3UoCC61HyDyb450=,6947601036358344704,2023-04-04
taAQFtgazSHXXsT1rQ8eqOM+Qfg=,6932418238161063937,2023-04-04
uCTLr2a/fWP7nVZ7GjX2GdTPPS0=,7031698761332518912,2023-04-04
F4pi7fswGywde02nOqyAzsd3N0E=,7031624014447972352,2023-04-04
hK+uaWCBsvHrv5CJV7wvY7hBVjk=,7031351567765168129,2023-04-04
fzTEL65sBrT3IOaebH/w6iHD3T8=,7031293629235179520,2023-04-04
d+R2HHRJHb00ZaJvbBQRRH3JG2E=,7030914351234519042,2023-04-04
U99mB4wc1x8DoaEzcCD1EG2/i/I=,7030868565712900096,2023-04-04
2UoG8X2ERay0gtassdALxDBZ274=,7030853308927934464,2023-04-04
owRH2UW7bS04RKnCRswhAg1L444=,7030174105828003840,2023-04-04
2aZvqUuKa8pDiJwg6e1CBgZfTI4=,7029811903803645952,2023-04-04
JglpShWosTAoSodrR5usnv1DGQU=,7029735958132514816,2023-04-04
+kEy2L34Rw6/jmxmZfhWAk2RM9E=,7029441421099110400,2023-04-04
yeS6Xf+CsTfRE/0UdwjCEUavDCI=,7029388782978154496,2023-04-04
lKa+By/DAebmrE+Rg1ahauHeh5M=,7029165815136481280,2023-04-04
7QAdViR/L4ZTSG7XB6mb3UbxxsU=,7029117319444393984,2023-04-04
tSxY685DuPxD2vUgDhexjPCD7ks=,7029071475756204032,2023-04-04
Yrgx07F2Zio0cZ1ntvkQ2/ji45Y=,7028709210255224832,2023-04-04
cBChOm7PNoRhQ4oaJvzgblkNQ6Q=,7028686400279506944,2023-04-04
1PrM7oJ1hbcnzTd5yVWl8gL1LBM=,7028663947641708544,2023-04-04
NEoC1WV40RSSMoGO6w9SGpzBsMg=,7028485018129743872,2023-04-04
VXqnc0CRpKNFXIe1CE3wLRwGGZI=,7028361767617531904,2023-04-04
v6MTrFJZL0TCL2mI1sj75dxKAHI=,7027637411673239552,2023-04-04
9P98jYspX3LZGohpttC5YxtxcVs=,7027259571589038080,2023-04-04
M0Eu2vhsNwe945vIIcz1PMrUyRU=,7026973260911185920,2023-04-04
w975RHkg5JctcH481CTh2oag9zk=,7026520041277845505,2023-04-04
D4Jorlz5jnN1R+danlMR9Kp9Szg=,7024791039215357952,2023-04-04
3yyb1rJFJK6XlY1V3E5MvtGmbi4=,7024692659030036480,2023-04-04
aLWu7MK0gm91Cch4HAHps+a2PCg=,7024477403762593792,2023-04-04
JAfHqfLeKrTPahp6RDLv0iUxPSs=,7024352873035558912,2023-04-04
OXQJIZ71S/rNILkUJK7wIVjVZTc=,7024081033553735680,2023-04-04
XlTSuMV5wfguag/iqNY2PY1MUFY=,7023982930368614400,2023-04-04
iA4rjGP6yNSa/K/4raM539n+0Qs=,7023726401786703872,2023-04-04
Vqa0JfIC2cRfaRZ9MwpYrexTYAc=,7023628094020227072,2023-04-04
YyM2ZIcrDf3dif5YTKz+3qoTcqc=,7023356298855399425,2023-04-04
2KTP4dEaAStBTPpJ7CKtG02vRhA=,7023273350172995585,2023-04-04
jYSew9gNsg1oQP368ndue6JvHh4=,7022214951977062400,2023-04-04
mckK2oRhCwyRSJjX7arZeTNeV1M=,7021793551130796032,2023-04-04
/50wix12hb2rOL4hbyGu+vLBSz8=,7021461271438917632,2023-04-04
oxh/7Nl1+S7XAg8geMZM2O6P7R0=,7020736776667361280,2023-04-04
T94wpeMxD9j0V5C7emnMGM2FZv0=,7019664798577528833,2023-04-04
ehv9C8pB7YmrVCQPbI8SdEr8Cfg=,7019286901169799168,2023-04-04
6ve/cnmV7IlRMS0y8FdY57cb3OU=,7019024996136087552,2023-04-04
bzR3Pgho70NzZ7AE60LzU2PBp5Y=,7018625055152631808,2023-04-04
ekyt86ZfNmSWEwDVIeXhXhK/cMk=,7018320611001204736,2023-04-04
2xSC3sD94qiRbzG+04C1Aytn6AY=,7018230340381011969,2023-04-04
VK3QZ5qsH63mNbGTnolU1kicBEM=,7017112697951457280,2023-04-04
1vzEvXGc12CMuMTPhLLC8wBVJqU=,7016750214736723968,2023-04-04
ilmA8fMrYC73nZpnVpN3+k+C2DY=,7016496035602599936,2023-04-04
cLCl9Qh3Y7Yt0eQMCvZsl4x+GeI=,7016075762118144000,2023-04-04
fgw+kjc72bYxDLZX/CsssZNJTTA=,7014256558998003712,2023-04-04
M26LdH+OgqmsMPT1X7RFAR4hkF8=,7013851327168479232,2023-04-04
Il3bOaxRRQTrXgbNHFKneLTiLmE=,7013141574985412608,2023-04-04
9N6z6QKNNMvHqkCgH2a6LMoEqFY=,7011363695607902208,2023-04-04
R8wxIktAagDL8GxaXNIQByDyi4Y=,7011314709043851264,2023-04-04
Pw5IcMuHUGzaelTyfoXaswN7T5w=,7010672665396998144,2023-04-04
Bk/YbnDAeXfVWGKRuc/ONWNhmb4=,6935666002772856833,2023-04-04
PLwnfMD1rl8FfilHta7/7CVt7Zs=,6955539369193598976,2023-04-04
dYtpBh2ybZLMPAq+sAiBTwEqaBQ=,6983486610499678208,2023-04-04
RrijoNSrKWUhUHAjG9wTp3SYGEo=,6994282592917225472,2023-04-04
nFJPptcck9hGfDbX8vnuZBqvlo0=,6995731945619943424,2023-04-04
baw7uB2nwdZ6HgNwxp/G+XtOpCI=,6922514633324961792,2023-04-04
qwfJqwqZDD8HFccSz+M4sHn9j+k=,6951127881586536448,2023-04-04
4Dvv5HIy0ajRR5Cd9cQ6ypkFhAw=,6934850757154275328,2023-04-04
HlKQ+W1/glc77AMK7S2Epvyz3cU=,6980906445521260544,2023-04-04
LZJl8ptvX92NgvAD2q1gZH7C0d4=,6957303900655812608,2023-04-04
Hip0JKavwmzWVmXjGulTO1kjCU8=,7003365715869130752,2023-04-04
aYgaGMN8kPAhGFHQ73AqMOkGfpE=,6958530325597614080,2023-04-04
1yVklqa/CiBLAs/ZTGDlbtNEHdU=,6950086495332417536,2023-04-04
l7XH/8CBkmQTeHSJfx5WS3weBdA=,6944650565515706369,2023-04-04
nR98gy7RH3v2jztTpIbscs8xvv0=,6918167560962080768,2023-04-04
kPl6luWek0VpO5clO0ZxDcT0NTU=,6926863132757815296,2023-04-04
A18K650KtnPbNle/G+JVXbiiqVg=,6917773106702884864,2023-04-04
fjxsRXkmUNVSBi2bidNXZOisSRM=,6955129644731834368,2023-04-04
/muLX5go5qZYHFjk4CfEPzKbV1Q=,6963876654515453952,2023-04-04
5iuP8Cu3bMtl0BcdbpMoF8IHk7M=,6939954007239004160,2023-04-04
6yY8k8OLLNTs1LD/FmSYLJU7KtU=,6980126421750878208,2023-04-04
qMD/znh+x/WvpAvBUAYwpJlEs1o=,7003424913600503808,2023-04-04
SplQqQLxrAI9W7NvpxZDWw8XgIM=,7005894014390460416,2023-04-04
HpP59WouhtKrWoL/ZtB8GePEszg=,6940362561666134016,2023-04-04
9hpg0oLSPmVJVDoEUDLzdwbGnSE=,6926991215431221249,2023-04-04
2jiuHtHY71QMIYWimBqbw26k+b0=,6992878583245352960,2023-04-04
vGS4dvBtWWY7bDLHzQMSL820ZFI=,6922937070961238016,2023-04-04
FCqz+rbe2zFLwH5gjLuKy/yOIgo=,6975211510495150080,2023-04-04
WdScGNzt4vyBbG9hyJ+S/3CR4aQ=,7006981110345719810,2023-04-04
Gqs+vZH6JUpRv5Dbd6oAx/LAud4=,6975838860987559936,2023-04-04
dy3FqFRYU15coCdfgqX2zgD2ndE=,6979031813197312000,2023-04-04
Pcb8qWMlOhNiWDabfh0DojCYsYY=,6986642009289629696,2023-04-04
Uvlk+GJk0yZ7cIQ9yxe7V5HIi6c=,6937372355409166336,2023-04-04
d2eyV1lmsz1a6oD+efOo1I7WCdA=,6950884148483936256,2023-04-04
A4kmSx+WRmfmHWXVyChhGy2x1EA=,6951143358534733824,2023-04-04
7e1nJjWm9EJQQ/GSY9VahZMtCNk=,6921789730753761280,2023-04-04
ZXoWd4HqKNxfAhxh8k9125hOmD4=,6991383428361334784,2023-04-04
+s0rDntTcWYntBYYlWzaclDnTTg=,6990347902145495042,2023-04-04
aX+yA7pKXdDo/GzLn9jW4bNpgcE=,7042520132308402177,2023-04-04
V854Wuy7z1g6g/AYfLG++qOumOA=,7042223079703416832,2023-04-04
97KiaW+U44Qt0kIDdG4ZNTU7T6s=,7039924153948282880,2023-04-04
VFct8I9NCs3mNwbSuFcm2NTNfQY=,7038825727533731841,2023-04-04
Bxzi7VQyYU8GxrAZmeI9O+FwEy8=,7037059257439055872,2023-04-04
MyOiUTmZMgfMqZLIOh+8/Bxss54=,7036790996080214016,2023-04-04
6rdejNuM5mBektJaDab6jyOdc5g=,7033767459195166721,2023-04-04
IBOZk4fGtkYzXQbnF9cEwzfMshM=,7032302754802921472,2023-04-04
M4wwRCt98ZNl/0Xq4WzId5YCYgE=,7029464485773934592,2023-04-04
/a1g2oU2GvFRx+VvkvhQfteKIdg=,7029473630300381184,2023-04-04
0L6fSU60wrvfXkJ2gGtgDuCKWPk=,7028735442720100352,2023-04-04
bn6Yh57FLDzIZ1njQgBTdx4dr7o=,7028316520984285184,2023-04-04
Bi7SAAMJyPDNVbVugonYydyJ6yk=,7024390747068010496,2023-04-04
lAwIYpk5qOFqVYcuAm2nsbrOQAk=,7024085138691039234,2023-04-04
7z0d2yPPSaU8eXweeQQbrA+D9fM=,7022231423394734080,2023-04-04
Tr99vLd1LN2E+QMaO23TId6bP40=,7047188493260787713,2023-04-04
iJQ2oH48DT4j8RFna6RETijb5cs=,7047175907874144256,2023-04-04
l29t2UrL7im7B7Ahx3jW1GiYD9A=,7046535165250056192,2023-04-04
MLgTPsO8vp8tRXB3I/6hOfp5Y2s=,7045076909042368512,2023-04-04
ovvp67/Vp9yvWY5qXEHBNzYty1o=,7044648390252498944,2023-04-04
sLu9tk0VKekjqWDQjSwaoiIZ09Q=,7042520132308402177,2023-04-04
9buo6mNB0ZBK8KdpP77+Hvk2Wd0=,7042223079703416832,2023-04-04
0JflsT/PXW17wCb8IfNAsECyY7M=,7037059257439055872,2023-04-04
ug+rgyV98ErKsv2evVk66+VhzHM=,7036790996080214016,2023-04-04
MvX9DlAxhyLe11odHHa7s3UqFDU=,7029464485773934592,2023-04-04
uxfbgSvm39z8hh+KVCDr0LavzIo=,7029473630300381184,2023-04-04
2SfktYdhW4Gn7Eekkw/CXDzOpqg=,7028735442720100352,2023-04-04
1MydR4hnd5nz2811LjbbkqLKh18=,7024390747068010496,2023-04-04
yMO/ZXiIcsns4r87sHiTHM2ANdU=,7022231423394734080,2023-04-04
GxZz1qM0Vr1d34aXe5wTsu5bFfs=,7011330219076702208,2023-04-04
rJg0DSJC+R6YnPC8+PExNcG0DmA=,6988182187200196608,2023-04-04
ebPXd541kJJCneqnHMipN8xbRuU=,7005516557309153280,2023-04-04
d/exCtn0TjmmjCtkuYOLBYnjqo8=,6998661367423524864,2023-04-04
0MUaYbi1PjnKuT6JdD2r25bff/A=,6999376847729823744,2023-04-04
i8RzX04KzoXACPR/2PtvuihNqVc=,6947564570219597824,2023-04-04
RMN+OzqeO8JBijEVTeCZJSwOvQA=,6946084739611049984,2023-04-04
PLs8IpDdGTmHKSqbKt7A+BoGLZM=,7008817888891478016,2023-04-04
gpr+Bl49yjys2r9q2+QDDQc4Q7g=,6920340426348462080,2023-04-04
2MGA1To1BFH64yVil7d1tSicrC4=,6925760834627387392,2023-04-04
2Sr2Z0AAiJ10IWVRqipR9MV6MRY=,6945367330860265472,2023-04-04
B+jR8rWNcc+ysGnEWdrr/ahc4D4=,6993632961015291904,2023-04-04
WQypIFdTJB3NPVL5Y2u6HI3qzOg=,6998993745757048832,2023-04-04
aKYVSWt7TtoiJfwegvBCkKVwZ4I=,6985585125803638784,2023-04-04
MqStCxM38T2a8KU+k1wLibZXo9I=,7004429405989068800,2023-04-04
A+rYIMofUEKoK9LwQrAX7EATWZA=,6958103927980527616,2023-04-04
zNT87sJZJQHUvrDZAXOXAlU8pMI=,6917471425519857664,2023-04-04
NA7IWaf8Nh5ihTWDsg+9hciNCzc=,6991081261029085184,2023-04-04
i1EcpWMOrV6wFrJflSyaoaYZHFo=,7006619067973332992,2023-04-04
ZUUYte54joRzFpKUsFbZaNszxko=,6935575448038883328,2023-04-04
2Nm81CWUPVZMv70lnj+IwqDZf3U=,7000879464242929665,2023-04-04
LnNNh5MCHr0nhZX4b0V6F3PWr9w=,7000805576523866115,2023-04-04
S1RclcguGn6kWHtoBGy6Tb6T3+I=,6989194071483314176,2023-04-04
uGK1JpMQgOIzTX6kypUmdE6bK4s=,6924688968454201344,2023-04-04
QmWJP+NQe8kRJLrJ0PZYIG24o3c=,6878719386899804160,2022-12-20
7j3G+HCbsfiJjHdGNkWNMziAc7Q=,6879075490255269888,2022-12-21
0IjrRiGB0YK5LIQ5S8pmCOkmIEg=,6879420945304469504,2022-12-22
Rwj/8cqZpOyekwyPnW1PEpgQliE=,6879458212823867392,2022-12-22
vWtow+d9cdiPK6k0PvV/iQ9WWGE=,6879767773380165633,2022-12-23
7fjmi10wmf4ZFykAJjfkGbZGiKA=,6881232600858415104,2022-12-27
MY+J9mQc4Y0xXKvXHYjtXVmvktM=,6881625219421757441,2022-12-28
9+b1kg7B6vZ76bmG/6hFL1f91w8=,6881942051005456385,2022-12-29
nmX67JJKZ4BSE9DWfxtuGlkKALE=,6884146685321199617,2023-01-04
KpXnWg25zvJJiz28s/+05JDgPc0=,6886306141865832450,2023-01-10
ZKZeD2gpFbxgGAUs0RpGXHZ9aZQ=,6886706140009271296,2023-01-11
qVsud42Gs74kANkW7D21hHfjPzs=,6888827472062767104,2023-01-17
u8N0MNJhWwWjg4laUMCH0o8eg6o=,6889552270686490624,2023-01-19
U3itQ88xTRa5z5yUOJuy8qJbvFs=,6889172015597674496,2023-01-19
g484AQtg+5gDamFmPwqNGsZm6cw=,6889172015597674496,2023-01-19
Q4d5S4pI+ZMbsfqgJrnRhAeSk1M=,6889975492565381120,2023-01-20
ZvGDQfB7b0kGFcujW2pF3bEPwmA=,6889974873028919296,2023-01-20
nXCQ8JuzlH0mxFIUTuY+oKDj7WE=,6889974873028919296,2023-01-20
qwziZmrSlporUw5ETWr6Pm7QvL8=,6889975492565381120,2023-01-20
wA6f1ojoLhaQUhIsIXTffj93vaM=,6891364203366879233,2023-01-24
hK30NcvlLVyU/UWxCReSQeokjyM=,6891379132455100416,2023-01-24
kdaBQg9LOtShOvTu9YqywjVwc54=,6891741912148361216,2023-01-25
fAjn5z5mAnxhAC6cLhY6ipPAGuE=,6892468999964483584,2023-01-27
bkaZLvf8tE0UUkBc4/uKF4igjFE=,6892829150395412481,2023-01-28
OQ29p/59DGdGHAhGhRss0QCTPiE=,6894217946470719488,2023-02-01
cvoTmwhdz2gaVLmKImS2IZzKJ34=,6894217946470719488,2023-02-01
Zbi755LHZAuBgmthT4cLnc4Rji8=,6894641281155612672,2023-02-02
2A8dXFntEa+EjyMCoXEtUz/y6rE=,6895006722784927745,2023-02-03
PVLqRoibVAaaPW9GF3l5qdYC33s=,6896452859442135040,2023-02-07
JUynvlZITwJyIPljaiuQjlyxTgI=,6896452859442135040,2023-02-07
c+wIZ/UQ+7+Sq2hYmwbr9H6nGpk=,6896815522470846464,2023-02-08
uWUl4+AwTK7CIE7vKIUpDFU4ZmI=,6898996815304491008,2023-02-14
vFiHCP5xgM0dY5UzMJ3MjP2lFOk=,6898974411303841793,2023-02-14
PH0Ci2QG/tBP/8sf202TbiQyrf0=,6899352049373585408,2023-02-15
8IauIBFQUfvMZe4fE+nbcyhJ80A=,6899699210988728320,2023-02-16
ghPvv5mV1AnpEZzt68HZzNHFV7g=,6900061468335964160,2023-02-17
xYRQGCq0EbwMmiO8F3E/lb/LW1M=,6900416140158603264,2023-02-18
4AEhnqahHNWQautoVCjjab73ybg=,6901547468203417600,2023-02-21
stL+HIkauGnPTwS220MRsESlY4U=,6901601451832131584,2023-02-21
iSVg0+KbOE/aDIM7b3JJPPXFhmo=,6901601451832131584,2023-02-21
4EwM+te9cKV1MbkWiM8OQdNPTOw=,6899774685433995266,2023-02-22
lluhbu3Dm/5NKFPvyZBQcfuSg+s=,6901979301219299329,2023-02-22
nwYTfiKMMyI8juHv5zc6XPi/fQA=,6902251237425971200,2023-02-23
h5zvb3Fq1UnYfBvHiUK8My8e3no=,6902598182128488449,2023-02-24
5sSn0Bt2yhw6qFAQs+xZfaGIWKE=,6902703949632417792,2023-02-24
t1lRxUjb0jkiSVQnPtGugwziHjU=,6904410171481939968,2023-03-01
i9mZV+0Pj/vkVsxby6aiUjeflqY=,6904500768033124352,2023-03-01
pxpwwXBkdLQcShHhV6RXF6+oMPA=,6904848333870108672,2023-03-02
cioHvddnXZNT1FfRqJUtIlLlAuY=,6905134937910185984,2023-03-03
S/V5Hce8f9Spts9DtQ8X5REWMHk=,6906584411312398336,2023-03-07
CmN1DHYCrNk7KEvt2LF3exGNCeU=,6906660097163165696,2023-03-07
HUr03RZqislBqr7nXvJZ3AgdIDQ=,6906953101228793856,2023-03-08
X20CumcLDaSPJ1DnpjbfER8kDe0=,6907686705865068544,2023-03-10
yKMppammKOYbN/Iij/ZBtE1cM8I=,6907777343251972096,2023-03-10
FNUM91HOhGkS7KKbepk9RcJDRJs=,6909151630756085761,2023-03-14
e6OQwUEjirUlO1U4v/SD3n9u+g0=,6909211606904123392,2023-03-14
Rfu8ffhmNfbpbV7QobxA2F/n+QQ=,6909846050010726400,2023-03-16
UFMdMPpInUqX/zPeQG+V/qBQdfU=,6909876493045121024,2023-03-16
jwH3mf14P3mfY4cKPY+msKLhWfI=,6910208720517894144,2023-03-17
IRvxZWyEVYPNuclv6xX809d/OxY=,6911642815479316480,2023-03-21
9dVRMPm0gBo8ogj+hsrB+6+Nyyc=,6911688310658596864,2023-03-21
EWed2YF9CpcCOI2UI8o69ebde34=,6912005310849105920,2023-03-22
4yVcBI9j703frATjA0Fpi9LbZLk=,6912729896255377409,2023-03-24
UQy00r9RwTIuzvbJ0Uxu/8Nn4hw=,6912760356708696065,2023-03-24
yuSG8Mqbo7cxqLnq7HJ9DTKtoAo=,6913092347807301632,2023-03-25
DXRyAXYuWu1u+JSqgJUqjieUAVA=,6914179524372893696,2023-03-28
ZfrT65DtNzLu15R56WNn2bszgqE=,6914286313705787392,2023-03-28
c41OCQi6QarvlLU8pa+TRGNxZ/c=,6914587229721956353,2023-03-29
NvMs7zNooZJ9qap5r0zz7VVkdmo=,6914647501975220225,2023-03-29
yk15So5q1XM6AJUhkrtn2hRykC0=,6915372188879441920,2023-03-31
2pbzfNl1ON3a5d9BIrYF+LwOsbk=,6915628976002478080,2023-04-01
U8khYl44VemU7yiA9ODwsaivn2U=,6915628976002478080,2023-04-01
PqcPZ/TmLvmiyqZhw9MI5VgZd9I=,6916716249053822976,2023-04-04
b/9dKW05AOfNO49pTMIKb2kV5KY=,6916731332043640833,2023-04-04
HQgs+ADlhz6a/UawoHYicOhGZeI=,7011330219076702208,2023-04-04
fYKMSCZ5pS82K6Khy22BftT2S3g=,7008777835628699648,2023-04-04
txjdAzJQnXnb/hvaeJr8RlurkjY=,7000805576523866115,2023-04-04
v3WPbtv3RAPKdCkdYRxLthkhCnE=,6922152208171978752,2023-04-04
q/3sA0iU07OWqx9JDaXGe8TRvls=,7009502745195941888,2023-04-04
rgDUzDrFQQIoax05CMMiZaTzwvI=,6925760834627387392,2023-04-04
xeQ8gWpDcH/joD2dXdD2iKnHmNQ=,6950071012428316672,2023-04-04
2EIw7DwhWzjHakWSPawcHjOq9dg=,6998993745757048832,2023-04-04
oSFmWFBGVwVueg7pSA64HdPH7yQ=,7003689325016088576,2023-04-04
xWVhuslh5gI/U7APDRPs9Je2/Wc=,7004429405989068800,2023-04-04
xgmlgNru4qPMUjE7TYYd5lwRBGM=,6998963182430027776,2023-04-04
AVgcauc+gExAp8arTsFOWuXHBRc=,6988182187200196608,2023-04-04
ZXgLDOFYQHXw2okbcpoVkso/fSQ=,7008817888891478016,2023-04-04
jJ5uHHIUnqit9nCy745lQ5PKCNY=,6982671010235908097,2023-04-04
6kr7LwoWkwvw97Sh6lEsZX7Paas=,6974652838429822976,2023-04-04
VFV9rqaxsrr9CIe6/G3/xC/qtWA=,7005516557309153280,2023-04-04
NUkLTA6sj6uuFKa956KGkVvx0OE=,6985585125803638784,2023-04-04
2YyIKf9V9qET/YQnUGIcY5dNC/k=,6967908308246560769,2023-04-04
ChPOvGT7lzVCz8ex7SpQV3tO2VQ=,6943245878472187905,2023-04-04
vtxErKfGODuT3e1chIesanD6C+M=,6965406967553036289,2023-04-04
92/qAOG4og86yI7W8NPVU3xvJDQ=,6985192423144513536,2023-04-04
0QBrANb6GATRx7ftrMzLrEyVYL8=,7031955441706295296,2023-04-04
yTZlx7p/L01L35eC/71aRBOo5kQ=,7030868565712900096,2023-04-04
LBwytkPdaLpfjtxZ0SgO6oMeCWM=,7028686400279506944,2023-04-04
Kmq/RAivlM2tYS+b3odPqU9O31o=,7024692659030036480,2023-04-04
LrkMGFhr0nBBDEwwIVHCnfQhbn0=,7021793551130796032,2023-04-04
HYXcDJkr31Kvmro7tutEt83Higg=,7011314709043851264,2023-04-04
4rjKN7WlU3OjQB9XYJ/09YLQGgY=,6926863132757815296,2023-04-04
uVXUhSMjrAbz40c9DvKqSPQMJgQ=,7006965880609800192,2023-04-04
TycGRyOOy4OwzsLmVe8XLOkVdmY=,6986989196833931264,2023-04-04
moIHaOyZo5crAahqe5R5IHFMhbg=,6920732988380971008,2023-04-04
8qzlYqWGpyZwyzh715jBr61mCj8=,6925428601718796288,2023-04-04
LpbpE6QTMyCwcWW2mCiR+MKyFyI=,6978069067085594624,2023-04-04
vAUICw7J/JoUP36XuVMkyoLeRNA=,6996093682902863873,2023-04-04
Zai/W/40L+Hjt/Q9ma17/hmrFSQ=,6975060849472270336,2023-04-04
f73MWljXuxZA3NmAt00Q48Ms6Uw=,6975477143027802112,2023-04-04
uzmKpbKvM7euLhp43SSVaEsv+OE=,6965623374295293952,2023-04-04
Jk1dL54Ey1ihr7bvVFI3wrH74TQ=,6930494325474676736,2023-04-04
dh43f6USKUkAS8mzkGhi+kAf8TM=,6973288786990444544,2023-04-04
a98eVJNwB8nB3cQCjsACdgBHrJI=,6964929094278934528,2023-04-04
R3YzIHiMa/dqmxN+pmSuvH+3Kpk=,6998646136731299841,2023-04-04
GHfcp3W5Fv0OqZJawMnw8UdGdOs=,6974275352776892416,2023-04-04
4hv3Or+ppYbMORs+tJjoo/oqPuU=,6919615440734289920,2023-04-04
RgUfulwBba6R6RiSXcB5ydB4lwE=,6971179959201513473,2023-04-04
RsyIXUBC+N36E8eQYsQI/600W5k=,7002995043175215104,2023-04-04
wwFRPSYEg48BcEO1qgLUFemRQWg=,6981297857106513920,2023-04-04
EQ8a/kaFGsXWlLl7s4GwiIb4vSo=,6958043689382264832,2023-04-04
7gwK8swYm2xyZY+5lHApIJCK5d0=,6970353858388660225,2023-04-04
lyeXibYNVUGaWeXs0Y2MMTh/dWQ=,6957681190686359552,2023-04-04
q1jrFLTBRQpZL189QZIrWS05CGw=,6952683452785725440,2023-04-04
d2/SpW2A6+aT9+y7pqEDDVTQehE=,6978322133936472066,2023-04-04
Iu7j/dNYbXxvLJRwk0RJRNBeDS4=,7008068628700966913,2023-04-04
/YZtX9E7nkDiqyJedRt+SGW6I2s=,6999302759699136513,2023-04-04
oBNsRncQoGu/2d9NQzCXk/rP9QU=,7005954482937217024,2023-04-04
o1BvbCYNERvYwwmk06nEp0ULjIw=,6983093965218607105,2023-04-04
mj82eDZYIC3mqwoW8t3TlY+KxQg=,6976235491037757440,2023-04-04
IzqczUgwuJcpqNKr9vHkRxp9ISM=,6999015889530499073,2023-04-04
chxkfVqbQQpe2qCw95eHMvcXI2U=,6958768465604210688,2023-04-04
R9k5sgcp/S0ATVdNI7sKCWcxcPM=,6938490126922649601,2023-04-04
sAQ1h5Sh2k+ezxzozm4ky3dZkDs=,6925413678213206017,2023-04-04
+M8+K3zCBGDJ9U/gZZcmniha5hY=,6938505841989877761,2023-04-04
ejayVfhWXtq8A5f3enWpDtO5FNg=,6925066330714906625,2023-04-04
qyv62Iqjz1ByvRhUbolRdR7py8o=,6941011402463604737,2023-04-04
kX+UrhNhXWYzoQP3CMC1WqhHLU0=,6917093666880651264,2023-04-04
9Cw6L6zccDnYabY5VIp7163nNfA=,6972916778964307968,2023-04-04
hN17rLynCzQDryETVXcTMnkyJI0=,6950516224644587521,2023-04-04
koYlXQsLML6PRajxCQoLve3zCGA=,6980828943155150848,2023-04-04
cE0jcSOkswPO0fTJwVq0E9RJvCo=,6945360043080921088,2023-04-04
0eojwd4RyrDRgPdkHDucbV7rzXU=,6985282888309125120,2023-04-04
d6NiusR38Ty0SU8d1Mc5qxaZMNM=,6978337254716952576,2023-04-04
PSSOVYA7QewFPY5JuE85F23aGAc=,7002979962844573696,2023-04-04
83lgDgqEREB2LW2ZdIpCkX8pm5s=,6951158305352273921,2023-04-04
NKt8BX+aih8ofSnBy+zOwm1fcA8=,6982671010235908097,2023-04-04
a/2h9xmxO4TLiK9aGGLvSBqRGG0=,6978412698883514368,2023-04-04
tzX4jCIn+k2Mid7jVolgeiHy9LA=,6919253054185684992,2023-04-04
nwRg8dGvQwLhlp8NxX1hqQGL0Kw=,6965406967553036289,2023-04-04
KeQZUN+70/NUEKkUCn5Q302tDzE=,6950086503028985856,2023-04-04
IdTN+KhSOk4LauN5gZ3uNbqZZM0=,6981314196634304512,2023-04-04
gmD3LDeRUxPTjA0SymMFW/BnJUY=,6950418454428487680,2023-04-04
hE9JiAQGuVwVsSzQQzOCOvRKyyg=,6922152208171978752,2023-04-04
flmVV6A3i5q4zl8AJ5A0c53IEbI=,7008053231318700032,2023-04-04
gDEu2aEZIoAmEAwSRVBQ6I6EG3o=,6973686613897863168,2023-04-04
tMeaj+XDwtyQlPr+ICQBwZ3d4+M=,6943215646801305600,2023-04-04
a4hRwKgq1N5J8ohW04psjFJ+eHI=,6967858339967905793,2023-04-04
ylK7/hn7d+IctqHjGDSk9oSSQJc=,7004077960303443968,2023-04-04
oj5pwMN5J9ykIYWnA+0tXWv5qyE=,7009502745195941888,2023-04-04
yvzqN0FLBZbxkks0aNlbiIoHXr0=,7009155531185565696,2023-04-04
6TtCH2vpGOySh7u90pYbiTmBFDM=,7000820734201643010,2023-04-04
HGh4X/R1iHt/jQTQGnwGEuD/bIg=,6934503644667031552,2023-04-04
qcSChpg9PQt9bOTLSghSmiFQJVI=,6996079256887853057,2023-04-04
9v6qZB9WBib30WiaiX6idlPPUkA=,6979077267767373824,2023-04-04
MN7QZ9u9Sa599MGZDQ1hQNONju0=,6996804115024539648,2023-04-04
5q/L3xULkmWDNjhOTrc2V/x2k0c=,6982703894049017857,2023-04-04
u8Q3CCAM7KKaLwfCHLC3i4x7ONw=,6940996491855499266,2023-04-04
WqIIOY54UOgu64Rfbtw31MDxfyo=,6919285605940023296,2023-04-04
owGeImeQcuW9xwimrPRI/rIffeY=,6935593930633732096,2023-04-04
KhnKxhkh9l4FKdaJ/ht3YIkJl8s=,6938124341607899136,2023-04-04
yI+DSoLYfogbUWJJK4+nBRUpb2M=,6932389333832278016,2023-04-04
qi8UvJaVQWt6x8YqKxWHjaZEW7k=,6940304533336072193,2023-04-04
kWPf2rm5m4YQ9x6AXrfBJROt6jM=,6932718418953474048,2023-04-04
94pIZy5GYyP2iugQU+lfyvZ73Xc=,6927648079269507072,2023-04-04
6KvHubQNDKJQFFJ+MTg+29T61jw=,6917554789589417984,2023-04-04
ew2VUTECfMja/tqckBeHmaALB3E=,6988846602668957696,2023-04-04
0zwwc5kBh+B5vJNsE8mls4xkKok=,6930233104179564545,2023-04-04
iYrdvVaYXL8V6sWY2juiCp1cvjM=,6983720071126822912,2023-04-04
/qnc7WznW1fO/EE8+ZkwPZJ7ydw=,6978382788299296768,2023-04-04
PwNgFdihsvSNoSTtbGDY0hAvJpE=,6960942660845019136,2023-04-04
0My8Pd+6FbBxaFBx3DcZqcE5kB4=,6986974036505362432,2023-04-04
7jaqH5D6OOxOEKlvNROLaJahK08=,6955854092824969217,2023-04-04
yeNTAYIwapfC5peUg1FRO5X01x8=,6972961725671235584,2023-04-04
1TinmeKgdpEo/4rgsrqcVx6k1qo=,6955144593097068545,2023-04-04
AKziEp0YIDUCmH6LQ54NQZvtKtU=,6924311254312366080,2023-04-04
VwrfN3wqQQPV1d9IrixUMuM1W9w=,6956186425138561025,2023-04-04
6L/UuTCuinBQzYHAKpBO7umuPxI=,7008449174287384577,2023-04-04
eg1LcDdez++XrVefQ7R/LFiWjCM=,6979182739572817920,2023-04-04
+sbgveYTNA3NsFe8EZhKuB3X2Q8=,6942808358697517056,2023-04-04
OkKnEXlWOvgsWQsZ5B9XFn2BiTE=,6942461209229090816,2023-04-04
jVOpZfv1gqqasNWINMnxRYqPYn4=,6958391134041620480,2023-04-04
N4SSJnkBZiRrGoltfs6XRYxI4sQ=,6975427088619110400,2023-04-04
pyLW+tjR9oKAGD+l1OiF1/SSz10=,6967850530467459072,2023-04-04
5ALS5Pkw9G8Q9HUTyONKh5LP2pw=,6919645793926680576,2023-04-04
H25W6RtxdTZEUTn2p+RxMlNA14c=,6987744535598571520,2023-04-04
ZtXR9KbewO561kOHUFp3f4qwxRE=,6977944746035986433,2023-04-04
t3TEOWRx52gfuuMNDrEKw4BYk70=,6975872054365470720,2023-04-04
oFfhL7ZEWP7bWKznnwAB4ZRj2f8=,6976545564553355264,2023-04-04
BLERu5DKcjlvV7sUw0tvwcCa004=,7006626049224577024,2023-04-04
Kux7IXcSnvOuqTBYZThHypu07VQ=,6965291400426926080,2023-04-04
ByGS+/jdsyWIPXXwNn5nWxel9LA=,6935938005169836032,2023-04-04
jmYKQzzFZaefDET844jimeNPHsI=,6998297085557030913,2023-04-04
Dcd6YqR9ml3K/Q0NWtTbxwxOvGA=,6939939451506749440,2023-04-04
ZWCzOnKyDoE1C6B5h6potRPWbqk=,6975140346917777408,2023-04-04
F4kWpk6/d1EssSxOkbjOKHwgflI=,6927316198099480577,2023-04-04
hSc21/jyNyDYBqoe0/mTKohD6rY=,6947926704669552644,2023-04-04
VHgYBa8tJ3Fx8aRqLrGKaQ+JO5c=,6987850041944129536,2023-04-04
gnvpSTMBuTz0jtPLBvEFsj55/F0=,7008804157570629632,2023-04-04
GqACL+yPwOWEkl4urCv7d+XK6xo=,6985988428874072064,2023-04-04
deL0bwou0X460MHHlvsoRvu0eAs=,6967450622409289728,2023-04-04
BWecyt0KtlKbRXgRySRCP2kDh6U=,6925428601718796288,2023-04-04
Z3w0LTiK6wFMGGT6vOTy1mHWveA=,6982776682931785728,2023-04-04
Xm4jxFiRdDXOSR8vmPKfjYVjVCQ=,6940724551521640448,2023-04-04
4fH4de5EmcnT6KRe5CM+3oVDJLw=,6981591130886848513,2023-04-04
8rXHLA+S6VUs/vezqT/Fd6Pt6Yg=,6959840601009766400,2023-04-04
prpqkrn7N12lB2GKDbtkfJFuKBk=,6955793842990174208,2023-04-04
gO66vY2dIxQd6xy7S388L9RetUc=,6978767396148772865,2023-04-04
mWguolcPJRvImTio2Q5p0m5p5m8=,6983833586873364480,2023-04-04
OFb6MUo6NENOldBq71Q8SPmGd0E=,7009518034621009920,2023-04-04
E6/bAsr9INHV9aGa5LPm+tdFRE8=,6996468422226178048,2023-04-04
gv5dnRU9BN4y/XVJwhdAuUwsA9s=,6948606653835460608,2023-04-04
b3DhPtMbUGZJg3AQ6SuiJu7gBgw=,6945390178924396544,2023-04-04
q4K2/UPLPJqLPqHCiDy1zV/DMMg=,6968582856847601664,2023-04-04
5080V1rHYSTRIOw/WjOBqCshk0Y=,6991730705177202688,2023-04-04
3+9fzEIut3AZmc4o38M86cHcNd4=,6968190516345679872,2023-04-04
vB5KaczkX9vxUzW1+HCAAJL4Py4=,6956273819003076608,2023-04-04
NSzWQneJ/Krr7bgz8XOLyt1OjAE=,6978684972844920832,2023-04-04
trYm4LamQVeEvjzjhUx4dFPgvy8=,6966076350726098944,2023-04-04
/ahoDsjxNIueBIThk+Qx7galLlw=,6986989196833931264,2023-04-04
BP3nrau+MUnpfaPhNMMY15IXrJM=,7009472425717354497,2023-04-04
KzAi8wF6oTmNcbxpiZvM8TWphdc=,6947297521304035328,2023-04-04
jLahMdeLdcXz6tkMmI3j2niEA90=,6958137023828279296,2023-04-04
qBDc0rsgN0MNIbMuZ1bzw2IQdD4=,6974660364139466752,2023-04-04
6nKThS7t0RsjdhlvH10IoiY+2qU=,6929822426537099264,2023-04-04
jYogm3kmAsCV2JSMDqvyC+G0UjE=,6925791020093767680,2023-04-04
/BO4ZuoUq265OdDVOdjNeRxhRr8=,6946069866164473856,2023-04-04
qdQ+tefsnWbyMGTbwDKGpOOuvTo=,6922160648093089792,2023-04-04
p1iIMPjhuRv5YKhIvJVJoaLh8/o=,7003727905872642048,2023-04-04
A4UCI4+r+17qyKu3dON97ItrOC0=,6975825806124056576,2023-04-04
wn+yNVnuQ0IXjH+mmkRhWqBLFbE=,6977658167472074753,2023-04-04
v0GcRNYcaQrkhIaRqicVMZc8GLs=,6989269314101030912,2023-04-04
707VpeW+sRCNGrFnKb7CsAuqDXk=,7005531413550706688,2023-04-04
Sq7fOR4TQdUmik7Fa1bu3lXkD8I=,7003374571605172224,2023-04-04
dOM79J5Okjz3rw4d/1b3DvV/tuI=,6933061271814635521,2023-04-04
50t42g5xXIoTIrR5XC0nrR64e+s=,6963162841604395008,2023-04-04
BownHNztBxFB1KO9JdQ039oGqGg=,6929867746998456321,2023-04-04
qV4J0w+dWI2zrxthmedWAdyF1jI=,7000427962135191552,2023-04-04
HuRG803KcR9/azPPIv7FG6aA/GM=,6940649058105516032,2023-04-04
TKRF+79R/TN/MEkfUfhB4yxrvps=,6920732988380971008,2023-04-04
ynNS+28esoNH+DLpYFY+n872ZmA=,6947527494866546688,2023-04-04
PlCcxQQSO+RxFyQXXPeVmTYXdfs=,6985554838575083520,2023-04-04
oZ1kyyCy8/qhFW3chgIXKrajg90=,6948044967495839744,2023-04-04
gH9s1FlSRFnxQskWt4o3CrrxXuI=,6947171903585349632,2023-04-04
rKpBLdIy74LMVK1AK0IL7Hmpov0=,6962739561932226560,2023-04-04
hOGwyZp6R+MAspDBfqOKGHM28GQ=,6985917257948295168,2023-04-04
Xlz0t5fBSZN/koyLcbY26DBOLg0=,6981357128355635201,2023-04-04
FaE27Up0GW8M8IaXVIA8oLQUaKw=,7006965880609800192,2023-04-04
YMEk6g4aHEspXq3Hw/EG1NsrLfI=,6933386357142679552,2023-04-04
QWMZ1b/9E4FQIEFTixLsbqYn+n8=,6927225589871374336,2023-04-04
IK/UwVlcdb1bxjYpsgWwvtFdg1k=,6974667991238000640,2023-04-04
4gGhAK2VurXU4hyhHf76sfWJY9Y=,6996834046701948928,2023-04-04
Fnbng8Ln0mw0fY6jhTCtWOJmSiE=,6940014787619663872,2023-04-04
q9jc2CKXGLIzJCfChn6yyKy4+rs=,6942139784572112896,2023-04-04
EcCZ3EII9rVNoH45uE5JnXM3xwk=,6954782203935420417,2023-04-04
jfdSX5x6k5P7wmGqFIBDP6bRkvQ=,6985207977846734848,2023-04-04
YzQHgMlZqXc6eOm+z8QYQ7eTjvY=,7004444540858224640,2023-04-04
anphPrtkY3QfptICV0ljgywcb8I=,6963506185027158016,2023-04-04
tmrTNyZlygm8i6dWaqeWp0rb1NI=,6934208889420730368,2023-04-04
m059NqkrcvYpjsbLWGAenmr2D0Q=,7006256803437039616,2023-04-04
vbE5kCd1YV+cme4t8nAxhhJ1FCU=,6980586986608746498,2023-04-04
9KYKeJjwhHX0ZMrOtdhZkh5k/3g=,6999295260514291712,2023-04-04
cgJFeeIJQKku/XfTQ1GL5qGevzM=,6952970257456148480,2023-04-04
+ICmEI5Y2X7DiQzro4ftsmog1E4=,6957756929813159936,2023-04-04
qSgR7gtBU0r1heH22vPqRCjaMlw=,6959984911248236544,2023-04-04
cD7Tln4Uwd3yRn2aO+UiBlqEZKM=,6919992909429637120,2023-04-04
+vJ0/utLHbicqDXM+CYqMHuUSF4=,6943563539110359041,2023-04-04
0C1ma4nnWGOaMH8Xh6gmUBb55Jc=,6948651530866630656,2023-04-04
O47WwiYcNmr83V1utsUpgn+TwkU=,6953360195267829761,2023-04-04
dQ54wXg7NmLKYbF4G/VSaPCszdM=,6927965444217733120,2023-04-04
VlzXNo9dk0mRvPFTv/p+B876cjE=,6935198248206839809,2023-04-04
rFeTOdg12JUbMCNkSCe9IS0IVz0=,6986295062607400960,2023-04-04
PWuFsPBdTtXT0bAQ18KYK822iMU=,7009185466205831171,2023-04-04
ds7ufvN5w8gzNtnzudiodmd22Q8=,7000842231083388928,2023-04-04
epE08mmqiF5OEpNAm+KHSlMtLHI=,6952236938057711616,2023-04-04
8U4/Wngm+lPblqTzu/jY70URkVg=,6954864934446911489,2023-04-04
CWZh/UooypC816NUKs/0bmQXEx4=,6928327853998579714,2023-04-04
L5qb4mIti15lEyws0B+C9WLn4FM=,6995452358587539456,2023-04-04
b0d82bkRhrPej25mjn6kR9RcsQA=,6960640514769506304,2023-04-04
PHurYDyVR2lAIcrE9dGnT2BD0G4=,6993904974162264064,2023-04-04
vTpudpwlLj7NsgoD8iX0yOx8f5g=,6996804115024539648,2023-04-04
KzCpYDPl7hedTR0T4gyEnHecPdw=,6917803466161541120,2023-04-04
ZZgh+bUKHrrKNzucX6lIBTd0Eqg=,6992893048632303616,2023-04-04
vBxuNb2v7TAecSvb8jeOOJCbZuc=,6938505841989877761,2023-04-04
FSXRFas9SQouqf0WhSnG5Dn0Rts=,6945360043080921088,2023-04-04
GlA2GTgCXnWyQtziCAZLkz5HbyQ=,7003374571605172224,2023-04-04
VCAvjCum6ZZdOrQZxQO4Jjy6DiQ=,6972961725671235584,2023-04-04
nFvT++sk1vvs+R11PTJdKw2RR7Q=,7008449174287384577,2023-04-04
MBED4guQRYIjmt2Gn/rQDP5AWBY=,6978337254716952576,2023-04-04
7owXnMmsXrF6BXtUanXN3Bm/MIk=,7008053231318700032,2023-04-04
O0Slcx9vfWotvJTp8AV3tnp7w3s=,6943215646801305600,2023-04-04
D84VsoacqRPyiWyuj7F4TG9Jddg=,6979077267767373824,2023-04-04
Pfumb7HcoPo7ju3rGEcEXydV/wY=,6938548622984683520,2023-04-04
PAcszHPRM4VJ+H4crTaCtQrcm0Y=,6999376847729823744,2023-04-04
srbxraynbmD0uX7jp9pSFxHAp1M=,6924688968454201344,2023-04-04
C2fuTTbutiUwu+86mfE0kdqHlik=,6979107497676550144,2023-04-04
aVheIgWbVfVHet6YDb2j/Ln8TkM=,6950086503028985856,2023-04-04
qNOq+74INmnZG2jB9Qoy5A64rFc=,6973686613897863168,2023-04-04
8EraD1Pa9Wz78sQ0w5Tw0V33HG0=,6951158305352273921,2023-04-04
hJMp6EQOAYOkT9+z2T2JFffIHiY=,7010605265116946432,2023-04-04
DALU/MgKfT5/WkwGmeZbu8E0AZo=,7000820734201643010,2023-04-04
mJxTWNJHp+P6udtkUgvrH3wHc/E=,7000879464242929665,2023-04-04
mE8Vm1S+FA8HyXTyDpPt9mG3Ehk=,6978412698883514368,2023-04-04
Q62zWtjUTj0wXvRbmfP+AoID5g0=,6998661367423524864,2023-04-04
bzOD9oSrzA8kEyv6nd/wpvYchLo=,6981314196634304512,2023-04-04
zl3OJg2Q9rQqeCQUyrN5yTyxLww=,6991081261029085184,2023-04-04
3taldyrlyLHaLabnssjGxCwVr9Y=,6991020848782467073,2023-04-04
Smbps7jYiHZxoWRjN27SMBWs2eA=,6917471425519857664,2023-04-04
eMWCjLFaFYBX76kojD7pJL0nbM4=,7002979962844573696,2023-04-04
utSaARano4tlzZ48WJErEgPkWjQ=,7010574824154570752,2023-04-04
a4e/UIwH209/rXpRMAlO9WCSG3E=,6934503644667031552,2023-04-04
CgTZzBtG4QbeF6aCX4T/aFuLj74=,6950418454428487680,2023-04-04
mR3k7yg9MCnFhmPnfOMZucjslEY=,7009155531185565696,2023-04-04
H89GwXVhwyuV0ggex9t3IOpl414=,6927950437815906304,2023-04-04
CKi8SRxu9o+A8pYNFUqbooAorg0=,6989194071483314176,2023-04-04
6W3oCLwzyzX1qv1CSqF1bJ/XniI=,6946084739611049984,2023-04-04
RPKbzDxTqRRN3Bo6SjlCJndelo8=,6930879798231662593,2023-04-04
Q5TIoHiW2VGdG7W65dyibE9RdZI=,6945367330860265472,2023-04-04
Shn/iJ1c5mY23qD3oHx9uUnpeAw=,6980919252614598656,2023-04-04
8rcU8eUNdaeRTP4aYifI7vEJ4s8=,6990748971845529600,2023-04-04
mWT6Dl8fD9ylRb6wzoQR0Cd8rio=,6919253054185684992,2023-04-04
HeMdIS2I7NuIen84CVcv2k0B5dw=,6944635441832767488,2023-04-04
9BKPdnjA1FbaHXCS+aiBrokfGJU=,6935575448038883328,2023-04-04
DTt+Z/xSfhUs+t4fzCvrDGmb/RU=,6987843476545564672,2023-04-04
y/IdJbClxJT0ENuihKJhqn/UllY=,7006619067973332992,2023-04-04
Goic7dr67g20ht0KvbLn2oVjd24=,7004077960303443968,2023-04-04
rgbj/WQ+Y80rCU/82kgy+LZwB9A=,6935560595014369280,2023-04-04
h/I5SXsv119ZSduPnkDZBm8DSxg=,6945405422115651585,2023-04-04
3oiUGnZ8I9o/OpmAUQChT/IurQw=,6942823315812089856,2023-04-04
ZmHUDVyguyQHlknW8jT/N1deMwE=,6958103927980527616,2023-04-04
JhZtdgzhNTsd+teB67xgHVlDHNk=,6996079256887853057,2023-04-04
rms+DkTVLJ1Z/A6JwJquA6MsV8M=,6920340426348462080,2023-04-04
5bJ898iDdAe34rDEiFZSGNhfAd8=,6981598806429642752,2023-04-04
6YPGODnBPm+UCN/exX+phHTDQt0=,6967858339967905793,2023-04-04
kgegOWDWlUZC9xLW5EYNzr3H4Pw=,6966468886472921091,2023-04-04
8xkSKzVpgVIW/fC9VgRRtt7mEYk=,6993632961015291904,2023-04-04
aLD2I/wnJqHn80V+DWe9+11UjTo=,6929475101813854208,2023-04-04
BuiwL+92zPqLoObFHwnWVxYxwJk=,6952985877539143680,2023-04-04
dsJ/XECksiU3SpG5LnT0uUPR4NM=,6920355456003497984,2023-04-04
H1GBYZzkAplYWNnaWRi510F8lto=,6947564570219597824,2023-04-04
fmArzM/OG4RhFeuvUInv+tIUWCw=,7009472425717354497,2023-04-04
noY5EG3NDV73NOXyVqR9MBy014k=,6974660364139466752,2023-04-04
49JE4jl+mBvZFUiJOCqj+YL169c=,6948651530866630656,2023-04-04
tlcxvXogcwnUDeKGZLjnnu8fNq4=,6978069067085594624,2023-04-04
yRGdL6Hq1xpb2uC5A/AysV8//gQ=,6955144593097068545,2023-04-04
Kto/XLensK+w5qNu+dFRF/lxEis=,6919645793926680576,2023-04-04
rzypKbO5s3kxpXcgLXxY0rsWswc=,6941011402463604737,2023-04-04
awae/jxVy2XeyKkFPHQEP39Ykso=,6962769951896068096,2023-04-04
K+OI4El2M1+8s4NYQZyP8FsEx1s=,6922861771477143552,2023-04-04
2oMzg0aPDI2S4bLk/zS2AiRLBas=,6999302759699136513,2023-04-04
F58JYJthRonCxNEFdj5SIKhuL1I=,6939939451506749440,2023-04-04
rkI3IxWH2k/RSt30JZtosbhdT98=,6982655829908811776,2023-04-04
BoAlXXBPJjOSB20DKTrYweXO/tg=,6983372835041808384,2023-04-04
90LO6kqqG5b/t/nFgk1vRaQRvLE=,6950463576759312385,2023-04-04
nQ+7rczT+ZW5N/BZMf6i4yPTZ08=,6920392738441973760,2023-04-04
bF/WkjiC7X4bgneOVDfrIvj0PXE=,6983372835041808384,2023-04-04
TXvIGM5MTlJC/FhetqqKPs7D/5k=,6989209043416334336,2023-04-04
+wAj7i2CogWHbUoVkcRRMYB/G3A=,6920702700862992384,2023-04-04
+lAIk6tc2VkdomeC2yRo5Id0RCI=,6917803466161541120,2023-04-04
byx6+IyrWWFEDo2DsaRXw4ffTfU=,6924703817255063553,2023-04-04
ITUSrXjXjoJKSgZZww6zyFtnyNE=,6962392395892097024,2023-04-04
A3kwM05XhkemlOGvZFzY59DeD1Q=,6931970463195701248,2023-04-04
HOAI6yfdQ5P6Rc6/qp2avPYf4C0=,6943185802000551937,2023-04-04
EQQuStZZvABu3V64Wg7x62nF/oc=,6992893048632303616,2023-04-04
//5S9Qws3Um8HnsrQmf9hchkENs=,6973618526355931136,2023-04-04
eZK23Bw/ZMTu6Fzx1W5Vj9WvYi0=,6942517422033690624,2023-04-04
QKicwVP3ViEeYW/3AsiZ6bNLHu0=,6982655829908811776,2023-04-04
Jdpqu5XJA0QdCRSqna97kbXGhZY=,6944997475699081216,2023-04-04
ly5phWT/aXPPgCRBYHbhFOfR9K4=,6984105349670723584,2023-04-04
4ExNy2e6GVPoLTp9dEfktSkzV6g=,6934473518592008192,2023-04-04
iQhSgHHMjLINz+yA+BxiEU7mRaE=,6937791170928353280,2023-04-04
OugURhMJAbxyyJANucdjosXzE5w=,7008415560778625024,2023-04-04
3Hh434yEWcSr4j1L7Nj6RKUOFPA=,6961290245808013312,2023-04-04
ZLawnXFOHqfmA6LvwjQqWAMy6AI=,6922861771477143552,2023-04-04
MSFOAaEgZ5haeZVFHvnQyCr+/O0=,6973369392281632768,2023-04-04
d0sBvnRlgJBuMbf5+k/7qdROz+Y=,6962769951896068096,2023-04-04
+BXrPSaLSEAesr0gcNKyI9qdono=,6931951652379799552,2023-04-04
PDHrzPJyq9bRBB5LA6R1T4fIdxQ=,6948275112957673472,2023-04-04
VOm79goGEOd1byghxvFXZMMUH40=,6974282904331853824,2023-04-04
P8aiN4Qg0AlidnRmF/1i7QhIsKk=,6937735111761149952,2023-04-04
JCka4Ki6g1n/ZPMf6o4xWMREttU=,6980496704164810752,2023-04-04
d7MEOoz6JLWi3Awi0EB4RJICzRU=,6990733902357172224,2023-04-04
PC77bSHi4TnAJfB27GJdUaIkXlg=,6988144081524707328,2023-04-04
LgxY6gc/nRi8Gdha5/niQAVV9e4=,6917169049000910849,2023-04-04
jhWGMxcco+eAburpPhFSe9cnDKw=,6942929014332260352,2023-04-04
f853R4TZIVfVqdCOqmjF8NLHg74=,6971143438268317696,2023-04-04
ZOjkx4h7ezgDoNJACXRji89nGqA=,6939561826078642176,2023-04-04
BNXzuJEDfQ5pF76CBB+i/M+Xh4o=,7008474870942490625,2023-04-04
Q3LaZ+IgXsijMl53U1aBB2rDY50=,6974290444931280896,2023-04-04
K2GVevdlpNg9MQBciTgOqOxnfsY=,6950780711750557696,2023-04-04
ULDU5IB4T8/r3SrAb2HL3VeYo4g=,6965679128175943681,2023-04-04
9XiIQSW0kiM/urttZUDyYsL09r0=,6930546682304610304,2023-04-04
16Glb0f9bvR7UsDgfhV/baSOMCM=,7009147676772511744,2023-04-04
4h6wS6A83kde8VUVM+TGUBlb1bI=,6950463576759312385,2023-04-04
lIReC0X5rvjos541BkhQTmupVuU=,7004133265146032128,2023-04-04
S096SXASC2shr6mh3NJKzCvOXKQ=,6983396074942083072,2023-04-04
iJirgGdj7A2YFngtDYd1qP5lM9I=,6983758234801106944,2023-04-04
dvxfjHCR6myJIymjZG4rpY4gvaY=,6983010355304169474,2023-04-04
Cog6zNgFiLiKSU9it4E8pIYT5/4=,6960263052109783040,2023-04-04
pkZ+0+JlGEGCDd7x5OVgRMpZ/Ao=,6991019955748036608,2023-04-04
fNL8sQrCy56Hp40c2tpq35HS0fw=,6976516807377502208,2023-04-04
G1j/whepjsfX8dmF6GM5Ch20aPY=,6953688308749144064,2023-04-04
+gI4vM6dq5kWJF/BZ8vTn28+Ml8=,6952592836898811904,2023-04-04
